date,event_type,source_type,theme,direction,surprise_proxy,surprise_basis,market_session,event_time_et,timing_confidence,summary,etfs,source
2017-01-23,official_action,formal_action,broad_trade,escalation,medium,"formal withdrawal from a major multilateral trade agreement signalled a protectionist policy shift",unknown,,low,"United States withdrew from the Trans-Pacific Partnership negotiations and agreement","SPY;XLI;XLY;EEM","https://trumpwhitehouse.archives.gov/presidential-actions/presidential-memorandum-regarding-withdrawal-united-states-trans-pacific-partnership-negotiations-agreement/"
2017-08-14,official_action,formal_action,china_trade,escalation,high,"first major presidential directive opening the Section 301 China intellectual-property investigation",unknown,,low,"President directed USTR to determine whether to investigate China's technology-transfer and intellectual-property practices","QQQ;SMH;SOXX;XLI;EEM;SPY","https://trumpwhitehouse.archives.gov/presidential-actions/presidential-memorandum-united-states-trade-representative/"
2018-01-23,official_action,formal_action,broad_tariffs,escalation,high,"new safeguard tariffs on imported washing machines and solar products",during_market,13:40,high,"Safeguard tariffs were signed on imported washing machines and solar products","XLY;XLI;XLK;SPY","https://trumpwhitehouse.archives.gov/briefings-statements/remarks-president-trump-signing-section-201-actions/"
2018-03-08,official_action,formal_action,metals_tariffs,escalation,high,"new 25% steel and 10% aluminum tariffs",unknown,,low,"Section 232 tariffs were imposed on steel and aluminum imports","XLB;XLI;SPY;EEM","https://trumpwhitehouse.archives.gov/presidential-actions/presidential-proclamation-adjusting-imports-steel-united-states/"
2018-03-22,official_action,formal_action,china_trade,escalation,high,"presidential memorandum directed Section 301 tariff action against China",unknown,,low,"President directed USTR to prepare tariff action against China following the Section 301 investigation","QQQ;SMH;SOXX;XLI;EEM;SPY","https://trumpwhitehouse.archives.gov/presidential-actions/presidential-memorandum-actions-united-states-related-section-301-investigation/"
2018-05-31,official_action,formal_action,metals_tariffs,escalation,medium,"previous tariff exemptions for Canada, Mexico and the European Union were allowed to expire",unknown,,low,"Steel and aluminum tariffs were extended to Canada, Mexico and the European Union from June 1","XLB;XLI;SPY;EEM","https://trumpwhitehouse.archives.gov/briefings-statements/president-donald-j-trump-approves-section-232-tariff-modifications-2/"
2018-06-15,official_action,formal_action,china_trade,escalation,high,"final 25% tariff list on about $50 billion of Chinese goods",unknown,,low,"USTR issued a 25% tariff list covering about $50 billion of Chinese imports","QQQ;SMH;SOXX;XLI;EEM;SPY","https://ustr.gov/about-us/policy-offices/press-office/press-releases/2018/june/ustr-issues-tariffs-chinese-products"
2018-06-18,policy_announcement,formal_action,china_trade,escalation,high,"President directed preparation of tariffs on an additional $200 billion of Chinese goods",unknown,,low,"President directed USTR to prepare additional 10% tariffs on about $200 billion of Chinese imports","QQQ;SMH;SOXX;XLI;EEM;SPY","https://ustr.gov/about-us/policy-offices/press-office/press-releases/2018/june/ustr-robert-lighthizer-statement-0"
2018-07-10,policy_announcement,formal_action,china_trade,escalation,medium,"proposed $200 billion tariff action had been foreshadowed in June",unknown,,low,"USTR began the process for 10% tariffs on an additional $200 billion of Chinese imports","QQQ;SMH;SOXX;XLI;EEM;SPY","https://ustr.gov/about-us/policy-offices/press-office/press-releases/2018/july/statement-us-trade-representative"
2018-09-18,official_action,formal_action,china_trade,escalation,high,"finalized 10% tariffs on about $200 billion of Chinese imports with a planned increase to 25%",unknown,,low,"USTR finalized tariffs on about $200 billion of Chinese imports","QQQ;SMH;SOXX;XLI;XLY;EEM;SPY","https://ustr.gov/about-us/policy-offices/press-office/press-releases/2018/september/ustr-finalizes-tariffs-200"
2018-12-01,policy_announcement,formal_action,china_trade,deescalation,high,"G20 agreement paused the planned January tariff increase and opened a 90-day negotiation window",after_hours,23:00,medium,"United States and China agreed to pause the planned tariff increase while negotiations continued","QQQ;SMH;SOXX;XLI;XLY;EEM;SPY","https://trumpwhitehouse.archives.gov/briefings-statements/statement-press-secretary-regarding-presidents-working-dinner-china/"
2019-05-10,official_action,formal_action,china_trade,escalation,high,"tariffs on about $200 billion of Chinese imports increased from 10% to 25%",unknown,,low,"United States increased tariffs from 10% to 25% on about $200 billion of Chinese imports","QQQ;SMH;SOXX;XLI;XLY;EEM;SPY","https://ustr.gov/about-us/policy-offices/press-office/press-releases/2019/may/statement-us-trade-representative"
2019-08-01,public_remarks,public_remarks,china_trade,escalation,high,"President publicly announced new tariffs on the remaining roughly $300 billion of Chinese imports",during_market,15:47,high,"President announced a new 10% tariff plan for roughly $300 billion of Chinese imports","QQQ;SMH;SOXX;XLI;XLY;EEM;SPY","https://trumpwhitehouse.archives.gov/briefings-statements/remarks-president-trump-marine-one-departure-56/"
2019-08-13,official_action,formal_action,china_trade,deescalation,high,"important consumer-technology products were delayed from the September tariff start date",unknown,,low,"USTR delayed tariffs until December 15 for products including phones, laptops, consoles, toys and some clothing","QQQ;SMH;SOXX;XLY;EEM;SPY","https://ustr.gov/about-us/policy-offices/press-office/press-releases/2019/august/ustr-announces-next-steps-proposed"
2019-08-23,official_action,formal_action,china_trade,escalation,high,"tariff rates were ordered higher after Chinese retaliation",unknown,,low,"President directed a further 5 percentage-point increase in tariffs covering roughly $550 billion of Chinese imports","QQQ;SMH;SOXX;XLI;XLY;EEM;SPY","https://ustr.gov/about-us/policy-offices/press-office/press-releases/2019/august/ustr-statement-section-301-tariff"
2019-10-11,policy_announcement,public_remarks,china_trade,deescalation,high,"substantial Phase One agreement announced and planned tariff increase suspended",during_market,15:36,high,"President announced a substantial Phase One trade deal and suspended the planned tariff-rate increase","QQQ;SMH;SOXX;XLF;XLI;XLY;EEM;SPY","https://trumpwhitehouse.archives.gov/briefings-statements/remarks-president-trump-vice-premier-liu-peoples-republic-china-meeting/"
2019-12-13,policy_announcement,formal_action,china_trade,deescalation,high,"formal Phase One agreement announcement included significant tariff modifications",unknown,,low,"United States and China announced agreement on a Phase One trade deal","QQQ;SMH;SOXX;XLI;XLY;EEM;SPY","https://ustr.gov/about-us/policy-offices/press-office/press-releases/2019/december/united-states-and-china-reach"
2020-01-15,official_action,formal_action,china_trade,deescalation,medium,"formal signing was widely anticipated after the December agreement",during_market,11:51,high,"United States and China signed the Phase One trade agreement","QQQ;SMH;SOXX;XLI;XLY;EEM;SPY","https://trumpwhitehouse.archives.gov/briefings-statements/president-donald-j-trump-signing-landmark-phase-one-trade-agreement-china/"
