date,event_type,theme,summary,etfs,source
2025-03-06,official_action,autos_trade,"Tariff adjustments affecting Canada and Mexico with automotive supply-chain implications","XLY;XLI;SPY","https://www.whitehouse.gov/fact-sheets/2025/03/fact-sheet-president-donald-j-trump-adjusts-tariffs-on-canada-and-mexico-to-minimize-disruption-to-the-automotive-industry/"
2025-03-26,official_action,autos_trade,"25% tariffs announced on imported automobiles and certain automobile parts","XLY;XLI;SPY","https://www.whitehouse.gov/fact-sheets/2025/03/fact-sheet-president-donald-j-trump-adjusts-imports-of-automobiles-and-automobile-parts-into-the-united-states/"
2025-04-02,official_action,broad_tariffs,"Reciprocal tariff program announced under a national emergency","SPY;QQQ;XLI;XLY;SMH;SOXX","https://www.whitehouse.gov/fact-sheets/2025/04/fact-sheet-president-donald-j-trump-declares-national-emergency-to-increase-our-competitive-edge-protect-our-sovereignty-and-strengthen-our-national-and-economic-security/"
2025-05-12,official_action,pharma,"Executive action announced on prescription-drug pricing","XLV;IBB;XBI","https://www.whitehouse.gov/fact-sheets/2025/05/fact-sheet-president-donald-j-trump-announces-actions-to-put-american-patients-first-by-lowering-drug-prices-and-stopping-foreign-free-riding-on-american-pharmaceutical-innovation/"
2025-07-31,official_action,pharma,"Letters to pharmaceutical manufacturers announced on drug-pricing policy","XLV;IBB;XBI","https://www.whitehouse.gov/fact-sheets/2025/07/fact-sheet-president-donald-j-trump-announces-actions-to-get-americans-the-best-prices-in-the-world-for-prescription-drugs/"
2026-02-24,official_action,broad_tariffs,"Temporary 10% import duty announced, with specified exemptions","SPY;QQQ;XLI;XLY;SMH;SOXX","https://www.whitehouse.gov/fact-sheets/2026/02/fact-sheet-president-donald-j-trump-imposes-a-temporary-import-duty-to-address-fundamental-international-payment-problems/"
2026-02-27,public_remarks,energy,"President delivered public remarks on energy","XLE;XLI;SPY","https://www.whitehouse.gov/videos/president-trump-delivers-remarks-on-energy-feb-27-2026/"
2026-06-01,official_action,metals_tariffs,"Tariff changes announced for steel, aluminium and copper imports","XLB;XLI;SPY","https://www.whitehouse.gov/fact-sheets/2026/06/fact-sheet-president-donald-j-trump-updates-tariffs-on-steel-aluminum-and-copper-imports/"
2026-07-20,official_action,canada_trade,"Additional tariffs on selected Canadian goods announced","XLI;XLY;XLE;SPY","https://www.whitehouse.gov/fact-sheets/2026/07/fact-sheet-president-donald-j-trump-imposes-additional-tariffs-on-canada/"
